{
    "loss": [
        2.041088104248047,
        1.6233826875686646,
        1.555416226387024,
        1.4715557098388672,
        1.4280256032943726,
        1.3955638408660889,
        1.3556104898452759,
        1.3408511877059937,
        1.2962983846664429,
        1.321366786956787,
        1.277572512626648,
        1.2560381889343262,
        1.241005301475525,
        1.250030279159546,
        1.2324483394622803,
        1.2009525299072266,
        1.1569968461990356,
        1.1390527486801147,
        1.1530646085739136,
        1.1588759422302246,
        1.1484755277633667,
        1.1293425559997559,
        1.1288524866104126,
        1.092885136604309,
        1.1340306997299194,
        1.0811923742294312,
        1.0923112630844116,
        1.060494303703308,
        1.0608115196228027
    ],
    "accuracy": [
        0.402759313583374,
        0.49850398302078247,
        0.506981372833252,
        0.5470412373542786,
        0.5620013475418091,
        0.5882646441459656,
        0.5985704660415649,
        0.6088763475418091,
        0.6203457713127136,
        0.6166888475418091,
        0.6291555762290955,
        0.6411236524581909,
        0.6376329660415649,
        0.6439494490623474,
        0.6532579660415649,
        0.6668882966041565,
        0.6768617033958435,
        0.6816821694374084,
        0.6780252456665039,
        0.681017279624939,
        0.6855053305625916,
        0.6946476101875305,
        0.6878324747085571,
        0.703956127166748,
        0.6879986524581909,
        0.7157579660415649,
        0.7132646441459656,
        0.7194148898124695,
        0.7262300252914429
    ],
    "val_loss": [
        3.8952391147613525,
        2.1838018894195557,
        1.465252161026001,
        1.3370774984359741,
        1.8292683362960815,
        1.3554490804672241,
        1.3928732872009277,
        1.6619987487792969,
        1.4506707191467285,
        1.1630219221115112,
        1.3151577711105347,
        1.2318702936172485,
        1.3674328327178955,
        1.4433122873306274,
        1.3186267614364624,
        1.1881649494171143,
        1.3251597881317139,
        1.6982951164245605,
        1.0489567518234253,
        1.406974196434021,
        1.0908372402191162,
        1.944326639175415,
        1.1872414350509644,
        1.0668776035308838,
        0.9973596930503845,
        1.3163763284683228,
        1.2991619110107422,
        1.1259434223175049,
        1.0936990976333618
    ],
    "val_accuracy": [
        0.16741405427455902,
        0.30792227387428284,
        0.487294465303421,
        0.5276532173156738,
        0.439461886882782,
        0.5635276436805725,
        0.5396113395690918,
        0.4768310785293579,
        0.5171898603439331,
        0.6038864254951477,
        0.5560538172721863,
        0.6068759560585022,
        0.5156950950622559,
        0.5336322784423828,
        0.5635276436805725,
        0.6248131394386292,
        0.5560538172721863,
        0.4798206388950348,
        0.6771300435066223,
        0.5769805908203125,
        0.6128550171852112,
        0.4230194389820099,
        0.6128550171852112,
        0.6337817907333374,
        0.6606875658035278,
        0.5246636867523193,
        0.6083707213401794,
        0.6412556171417236,
        0.6352765560150146
    ]
}